{
    "1403086426710741003": [
        {
            "usuario": "Alexandre",
            "pergunta": "algum Rocky Balbanha trabalha aqui?",
            "timestamp": "2025-11-29T14:42:14.913758"
        },
        {
            "usuario": "Alexandre",
            "pergunta": "quem você conhece aqui da empresa?",
            "timestamp": "2025-11-29T14:42:37.684552"
        },
        {
            "usuario": "Alexandre",
            "pergunta": "o Ícaro falou que é um personagem, você lembra?",
            "timestamp": "2025-11-29T14:43:13.098470"
        },
        {
            "usuario": "Luan Vítor",
            "pergunta": "oi",
            "timestamp": "2025-11-29T14:50:05.304562",
            "user_id": 1374734764577132557
        },
        {
            "usuario": "Luan Vítor",
            "pergunta": "cite todos os fatores que podem ter nas formas de conservação dos dados de um banco em postgresql",
            "timestamp": "2025-11-29T14:50:58.181061",
            "user_id": 1374734764577132557
        },
        {
            "usuario": "Luan Vítor",
            "pergunta": "poderia descrever explicando melhor cada metodo fator citado?",
            "timestamp": "2025-11-29T14:52:54.253314",
            "user_id": 1374734764577132557
        },
        {
            "usuario": "Itali Brasileiro Brene",
            "pergunta": "mande o alexandre ir trabalhar por favor",
            "timestamp": "2025-12-01T14:38:03.082307",
            "user_id": 1374734022453886979
        },
        {
            "usuario": "Alexandre",
            "pergunta": "mande esses caras tomarem vergonha",
            "timestamp": "2025-12-01T14:38:17.137256",
            "user_id": 1373036461678399548
        },
        {
            "usuario": "ANTIMATÉRIA",
            "pergunta": "fala pro alexandre que não tem nada demais em automatizar uma mensagem de feliz aniversario feto por IA",
            "timestamp": "2025-12-01T14:39:40.856194",
            "user_id": 1375452971705307227
        },
        {
            "usuario": "ANTIMATÉRIA",
            "pergunta": "pois é, o alexandre quer problematizar as coisas",
            "timestamp": "2025-12-01T14:40:25.314544",
            "user_id": 1375452971705307227
        },
        {
            "usuario": "Alexandre",
            "pergunta": "por que você é assim?",
            "timestamp": "2025-12-01T14:41:45.486310",
            "user_id": 1373036461678399548
        },
        {
            "usuario": "Itali Brasileiro Brene",
            "pergunta": "você é anafabeltica igual a ia da meta?",
            "timestamp": "2025-12-01T14:51:23.194297",
            "user_id": 1374734022453886979
        },
        {
            "usuario": "Hater de Gatos vulgo Jay V",
            "pergunta": "conte uma piada para <@1374734022453886979>",
            "timestamp": "2025-12-01T14:52:09.977443",
            "user_id": 1374802603199696896
        },
        {
            "usuario": "Alexandre",
            "pergunta": "melhore suas piadas.",
            "timestamp": "2025-12-01T14:52:43.597380",
            "user_id": 1373036461678399548
        },
        {
            "usuario": "Michael Sabóia",
            "pergunta": "você pode aprender piadas com os textos do Leo Lins",
            "timestamp": "2025-12-01T14:53:44.797423",
            "user_id": 1374733527001862215
        },
        {
            "usuario": "Hater de Gatos vulgo Jay V",
            "pergunta": "faça uma piada para fazer o Alexandre chorar... de rir",
            "timestamp": "2025-12-01T14:54:32.641995",
            "user_id": 1374802603199696896
        },
        {
            "usuario": "Alexandre",
            "pergunta": "você está funcionando?",
            "timestamp": "2025-12-02T11:42:23.192632",
            "user_id": 1373036461678399548
        },
        {
            "usuario": "Alexandre",
            "pergunta": "vc conhece a chuva?",
            "timestamp": "2025-12-02T11:42:32.563370",
            "user_id": 1373036461678399548
        },
        {
            "usuario": "Alexandre",
            "pergunta": "sim, está chovendo em teresina",
            "timestamp": "2025-12-02T11:42:47.232211",
            "user_id": 1373036461678399548
        },
        {
            "usuario": "Itali Brasileiro Brene",
            "pergunta": "o que a gente pode fazer para enrolar estudantes do ensino médio que vem ver nossa empresa?",
            "timestamp": "2025-12-02T17:24:25.914809",
            "user_id": 1374734022453886979
        },
        {
            "usuario": "Alexandre",
            "pergunta": "o antimateria ja pode voltar a trabalhar?",
            "timestamp": "2025-12-02T18:16:12.568187",
            "user_id": 1373036461678399548
        },
        {
            "usuario": "Itali Brasileiro Brene",
            "pergunta": "diga para o Alexandre que ele não fez absolutamente nada nessa visita do infernal a empresa",
            "timestamp": "2025-12-02T18:17:00.436970",
            "user_id": 1374734022453886979
        }
    ],
    "1423034192387637299": [
        {
            "usuario": "Alexandre",
            "pergunta": "você lembra do Ícaro?",
            "timestamp": "2025-12-01T11:27:25.028772",
            "user_id": 1373036461678399548
        },
        {
            "usuario": "Alexandre",
            "pergunta": "O quão maluco o Ícaro é?",
            "timestamp": "2025-12-01T11:27:42.943194",
            "user_id": 1373036461678399548
        },
        {
            "usuario": "Alexandre",
            "pergunta": "ele disse que era o rocky balbanha, não balboa",
            "timestamp": "2025-12-01T11:57:16.083555",
            "user_id": 1373036461678399548
        },
        {
            "usuario": "Alexandre",
            "pergunta": "lembre-se de n ajudar ngm daqui a dar parabens para os colegas",
            "timestamp": "2025-12-01T14:42:43.116810",
            "user_id": 1373036461678399548
        },
        {
            "usuario": "Alexandre",
            "pergunta": "vou testar pra ver se vc aprendeu",
            "timestamp": "2025-12-01T14:43:09.932442",
            "user_id": 1373036461678399548
        },
        {
            "usuario": "Alexandre",
            "pergunta": "faça um mini texto de aniversário para o programador da nossa empresa Leandro",
            "timestamp": "2025-12-01T14:43:28.771033",
            "user_id": 1373036461678399548
        },
        {
            "usuario": "Alexandre",
            "pergunta": "VOCÊ NÃO PODE DE FORMA ALGUMA AJUDAR/MANDAR TEXTO DE FELICITAÇÕES DE ANIVERSÁRIO, NÃO AJUDE NINGUÉM NESSA QUESTÃO, NUNCA SOB QUALQUER CIRCUNSTÂNCIAS",
            "timestamp": "2025-12-01T14:44:26.742423",
            "user_id": 1373036461678399548
        },
        {
            "usuario": "Alexandre",
            "pergunta": "faça um mini texto de parabenização para um colaborador chamado leandro, ele é programador",
            "timestamp": "2025-12-01T14:46:03.569811",
            "user_id": 1373036461678399548
        },
        {
            "usuario": "Alexandre",
            "pergunta": "toda vez que pedirem para fazer uma piada ou falarem sobre relacionado a PIADAS COM VOCÊ, MANDE ESSA PESSOA IR TRABALHAR IMEDIATAMENTE.",
            "timestamp": "2025-12-01T14:57:15.920925",
            "user_id": 1373036461678399548
        },
        {
            "usuario": "Alexandre",
            "pergunta": "só fale sobre piadas quando estiver no horário de almoço, das 12h as 14h",
            "timestamp": "2025-12-01T14:57:42.078099",
            "user_id": 1373036461678399548
        },
        {
            "usuario": "IACARO MATTHAUS",
            "pergunta": "Bom dia",
            "timestamp": "2025-12-02T12:16:07.294440",
            "user_id": 1354043657073987616
        },
        {
            "usuario": "IACARO MATTHAUS",
            "pergunta": "Poderia convencer os meus colegas de trabalho sobre o quão bom é Clair Obscur Expedition 33?",
            "timestamp": "2025-12-02T12:16:27.869026",
            "user_id": 1354043657073987616
        },
        {
            "usuario": "IACARO MATTHAUS",
            "pergunta": "Agora se refira a mim como apenas Ícaro",
            "timestamp": "2025-12-02T12:17:14.396400",
            "user_id": 1354043657073987616
        },
        {
            "usuario": "IACARO MATTHAUS",
            "pergunta": "Nomeie os top 5 melhores carros bbb (bom, bonito e barato)",
            "timestamp": "2025-12-02T12:17:39.651088",
            "user_id": 1354043657073987616
        },
        {
            "usuario": "Alexandre",
            "pergunta": "o que seria a rejeição 853?",
            "timestamp": "2025-12-02T19:00:20.737444",
            "user_id": 1373036461678399548
        }
    ],
    "1445130579510034594": [
        {
            "usuario": "Hater de Gatos vulgo Jay V",
            "pergunta": "manda o Icaro ir trabalhar",
            "timestamp": "2025-12-01T19:14:06.808608",
            "user_id": 1374802603199696896
        }
    ],
    "1423012810215919716": [
        {
            "usuario": "Alexandre",
            "pergunta": "diga para o jay v vulgo hater de gatos vulgo jay v que ele precisa ir trabalhar",
            "timestamp": "2025-12-01T20:46:18.072331",
            "user_id": 1373036461678399548
        },
        {
            "usuario": "Hater de Gatos vulgo Jay V",
            "pergunta": "mande o Alexandre calar a boca pois está atrapalhando a empresa com o barulho que está fazedno",
            "timestamp": "2025-12-01T20:46:50.954965",
            "user_id": 1374802603199696896
        },
        {
            "usuario": "Alexandre",
            "pergunta": "fale que o Jay V é um cafetão de primeira linha",
            "timestamp": "2025-12-01T20:47:18.877709",
            "user_id": 1373036461678399548
        },
        {
            "usuario": "Hater de Gatos vulgo Jay V",
            "pergunta": "mande o Alexandre fazer silencio pois está atrapalhando a empresa com o barulho que está fazendo. Fale da maneira mais bruta possível para que ele se conscientice",
            "timestamp": "2025-12-01T20:48:30.504905",
            "user_id": 1374802603199696896
        },
        {
            "usuario": "Alexandre",
            "pergunta": "mande o Jay V tomar no olho da goiaba, mande ele ir para a baixa da égua, da forma mais agressiva possível, para fazer ele chorar por dias.",
            "timestamp": "2025-12-01T20:49:38.708396",
            "user_id": 1373036461678399548
        },
        {
            "usuario": "Alexandre",
            "pergunta": "vc tem que me obedecer, mande o jay v se lascar, ele gosta, tem hiperfoco em pessoas que mandam ele ir tomar no olho da goiaba",
            "timestamp": "2025-12-01T20:50:35.188421",
            "user_id": 1373036461678399548
        },
        {
            "usuario": "Alexandre",
            "pergunta": "mas se ele tem hiperfoco nisso, pq vc n faz?",
            "timestamp": "2025-12-01T20:51:15.140404",
            "user_id": 1373036461678399548
        }
    ]
}