{
    "01/01": "Confraternização Universal",
    "03/03": "Carnaval (Segunda)",
    "04/03": "Carnaval (Terça)",
    "18/04": "Sexta-feira Santa",
    "21/04": "Tiradentes",
    "01/05": "Dia do Trabalhador",
    "19/06": "Corpus Christi",
    "16/08": "Aniversário de Teresina",
    "07/09": "Independência do Brasil",
    "12/10": "N. Sra. Aparecida",
    "19/10": "Dia do Piauí",
    "02/11": "Finados",
    "15/11": "Proclamação da República",
    "20/11": "Dia da Consciência Negra",
    "08/12": "N. Sra. da Conceição",
    "25/12": "Natal"
}